{
    "True label": [
        0.0,
        0.0,
        0.0,
        1.0,
        1.0,
        0.0,
        0.0,
        0.0,
        1.0,
        0.0,
        0.0,
        0.0,
        0.0,
        0.0,
        0.0,
        0.0,
        0.0,
        1.0,
        1.0,
        0.0,
        0.0,
        0.0,
        0.0,
        0.0,
        0.0,
        0.0,
        0.0,
        0.0,
        0.0,
        0.0,
        0.0,
        0.0,
        0.0,
        0.0,
        0.0,
        0.0,
        0.0,
        0.0,
        0.0,
        0.0,
        0.0,
        0.0,
        0.0,
        0.0,
        0.0,
        0.0,
        1.0,
        0.0,
        0.0,
        1.0,
        0.0,
        0.0,
        0.0,
        0.0,
        0.0,
        0.0,
        0.0,
        0.0,
        0.0,
        1.0,
        0.0,
        0.0,
        1.0,
        0.0,
        0.0,
        0.0,
        0.0,
        0.0,
        0.0,
        0.0,
        0.0,
        0.0,
        0.0,
        0.0,
        0.0,
        0.0,
        0.0,
        0.0,
        0.0,
        0.0,
        0.0,
        0.0,
        0.0,
        0.0,
        0.0,
        0.0,
        0.0,
        0.0,
        0.0,
        0.0,
        0.0,
        0.0,
        0.0,
        0.0,
        0.0,
        0.0,
        0.0,
        0.0,
        0.0,
        0.0,
        0.0,
        0.0,
        0.0,
        0.0,
        0.0,
        0.0
    ],
    "predict label": [
        0.026305455714464188,
        0.00047583819832652807,
        0.06511960178613663,
        0.7145274877548218,
        0.8335083723068237,
        0.0013194858329370618,
        0.018093353137373924,
        0.0003507084911689162,
        0.5267765522003174,
        0.8150375485420227,
        0.0007965556578710675,
        0.00027183149359188974,
        0.0014422134263440967,
        0.0021892106160521507,
        0.0015232473379001021,
        0.004732014611363411,
        0.00021848523465450853,
        0.0052811806090176105,
        0.9114770889282227,
        0.00037702263216488063,
        0.0005276810843497515,
        0.010022522881627083,
        0.0048656458966434,
        0.003183344379067421,
        0.00020535591465886682,
        0.03857571259140968,
        0.11161433160305023,
        0.0004939339705742896,
        0.00042911642231047153,
        0.00022615537454839796,
        0.0032767164520919323,
        6.671607843600214e-05,
        0.0009902262827381492,
        0.0007619173265993595,
        0.002034911885857582,
        0.0009269127040170133,
        0.0008524606237187982,
        0.00014710779942106456,
        0.00029198796255514026,
        0.00011371687287464738,
        0.00042253825813531876,
        0.0001799066667445004,
        0.006690527778118849,
        0.0037155309692025185,
        0.03579568490386009,
        0.0006772199994884431,
        0.6667434573173523,
        0.004504249431192875,
        0.0006305933929979801,
        0.8723722696304321,
        0.0003318975795991719,
        0.10352302342653275,
        0.045708347111940384,
        0.031587421894073486,
        0.004093728959560394,
        0.010512541979551315,
        0.0007445932715199888,
        0.000452505424618721,
        0.005572809837758541,
        0.8575742840766907,
        0.04439796879887581,
        0.0016959839267656207,
        0.9156989455223083,
        0.00011516683298395947,
        0.0003661185910459608,
        0.00021442334400489926,
        0.0003114188148174435,
        0.000394698086893186,
        0.01468720193952322,
        0.00022458910825662315,
        0.000596556521486491,
        9.044470789376646e-05,
        0.0027741536032408476,
        0.00024263688828796148,
        0.18926599621772766,
        0.00030368941952474415,
        0.0004864427319262177,
        9.381440031575039e-05,
        0.0028577824123203754,
        0.0005863419501110911,
        0.0006446811021305621,
        0.000675720744766295,
        0.0007158853695727885,
        0.0001375589781673625,
        0.0004437014285940677,
        0.0017411684384569526,
        0.0004715740797109902,
        0.0007428358658216894,
        0.0001538710785098374,
        0.016932738944888115,
        0.00041093979962170124,
        0.0027840249240398407,
        0.32310670614242554,
        0.0007126796408556402,
        0.00029316957807168365,
        0.0007267176988534629,
        0.004449488595128059,
        0.00024405334261246026,
        0.22344380617141724,
        0.0017625541659072042,
        0.0007194500067271292,
        0.000582831387873739,
        0.002560775727033615,
        0.0018028565682470798,
        0.0025372717063874006,
        0.006164661142975092
    ]
}