{
    "True label": [
        0.0,
        0.0,
        0.0,
        0.0,
        0.0,
        0.0,
        0.0,
        0.0,
        1.0,
        0.0,
        0.0,
        0.0,
        0.0,
        0.0,
        0.0,
        0.0,
        0.0,
        0.0,
        0.0,
        0.0,
        0.0,
        0.0,
        0.0,
        0.0,
        0.0,
        0.0,
        0.0,
        0.0,
        0.0,
        0.0,
        0.0,
        0.0,
        0.0,
        0.0,
        0.0,
        0.0,
        0.0,
        0.0,
        0.0,
        0.0,
        0.0,
        0.0,
        1.0,
        0.0,
        0.0,
        0.0,
        0.0,
        0.0,
        0.0,
        0.0,
        0.0,
        0.0,
        0.0,
        0.0,
        0.0,
        0.0,
        0.0,
        0.0,
        1.0,
        0.0,
        0.0,
        0.0,
        0.0,
        1.0,
        0.0,
        0.0,
        0.0,
        0.0,
        0.0,
        0.0,
        0.0,
        0.0,
        0.0,
        0.0,
        1.0,
        0.0,
        0.0,
        0.0,
        0.0,
        0.0,
        1.0,
        0.0,
        1.0,
        0.0,
        0.0,
        0.0,
        0.0,
        1.0,
        0.0,
        0.0,
        0.0,
        0.0,
        0.0,
        0.0,
        0.0,
        0.0,
        0.0,
        0.0,
        0.0,
        0.0,
        0.0,
        0.0,
        0.0,
        0.0,
        0.0,
        0.0,
        0.0,
        0.0,
        0.0,
        0.0,
        0.0,
        0.0,
        0.0,
        0.0,
        0.0,
        0.0,
        0.0,
        1.0,
        0.0,
        0.0,
        0.0,
        0.0,
        0.0,
        0.0,
        0.0,
        0.0,
        0.0,
        1.0,
        0.0,
        0.0,
        1.0,
        0.0,
        0.0,
        0.0,
        0.0,
        0.0,
        0.0
    ],
    "predict label": [
        0.0026028670836240053,
        0.008542315103113651,
        0.0022613108158111572,
        0.03618152439594269,
        0.003542754566296935,
        0.017924915999174118,
        0.03601403534412384,
        0.008412842638790607,
        0.41900166869163513,
        0.006741802208125591,
        0.003736790269613266,
        0.02968999743461609,
        0.009989259764552116,
        0.02509719505906105,
        0.007462363690137863,
        0.011340657249093056,
        0.002062930027022958,
        0.003344773780554533,
        0.007196720689535141,
        0.0042505161836743355,
        0.009947359561920166,
        0.010091215372085571,
        0.01453508622944355,
        0.007128255907446146,
        0.007518600206822157,
        0.2692638039588928,
        0.03111577220261097,
        0.09924129396677017,
        0.0028666353318840265,
        0.009463883005082607,
        0.026306696236133575,
        0.03629995509982109,
        0.029954969882965088,
        0.006453288719058037,
        0.681584894657135,
        0.04347686842083931,
        0.02987157367169857,
        0.016601093113422394,
        0.03600253164768219,
        0.006462755147367716,
        0.00280759553425014,
        0.012078158557415009,
        0.6660974025726318,
        0.0329597070813179,
        0.013908466324210167,
        0.006777219008654356,
        0.021274598315358162,
        0.0032170575577765703,
        0.02314971201121807,
        0.3540995419025421,
        0.01383060310035944,
        0.04702596366405487,
        0.01458780001848936,
        0.013330364599823952,
        0.006807689554989338,
        0.0026127321179956198,
        0.2993971109390259,
        0.031832996755838394,
        0.6627015471458435,
        0.00576193118467927,
        0.04360421746969223,
        0.018368788063526154,
        0.015598260797560215,
        0.682091236114502,
        0.026932241395115852,
        0.04345474764704704,
        0.007694608997553587,
        0.047773949801921844,
        0.003989364951848984,
        0.002208434045314789,
        0.010183755308389664,
        0.005829439032822847,
        0.01024739257991314,
        0.0024114020634442568,
        0.04633943736553192,
        0.0046111587435007095,
        0.005263213068246841,
        0.005693916231393814,
        0.00658842921257019,
        0.001770318136550486,
        0.5356209874153137,
        0.029875455424189568,
        0.6786825060844421,
        0.023810744285583496,
        0.00970193650573492,
        0.015822557732462883,
        0.004379902966320515,
        0.2654712498188019,
        0.009839091449975967,
        0.042017385363578796,
        0.02205977588891983,
        0.0888870358467102,
        0.011574581265449524,
        0.020920109003782272,
        0.009205658920109272,
        0.4441525936126709,
        0.023353761062026024,
        0.009486398659646511,
        0.012693680822849274,
        0.0029752205591648817,
        0.052415065467357635,
        0.02123088762164116,
        0.028400050476193428,
        0.014366128481924534,
        0.07752703130245209,
        0.0024068718776106834,
        0.028293130919337273,
        0.004915510769933462,
        0.0030387653969228268,
        0.03262980282306671,
        0.005961258430033922,
        0.006207254249602556,
        0.044735509902238846,
        0.006342896725982428,
        0.09242957830429077,
        0.009491924196481705,
        0.0051391092129051685,
        0.44675225019454956,
        0.009593673050403595,
        0.0119091235101223,
        0.04181046783924103,
        0.011772537603974342,
        0.0117788752540946,
        0.0025094011798501015,
        0.012236923910677433,
        0.007095726206898689,
        0.008880923502147198,
        0.5188475847244263,
        0.04130307212471962,
        0.013156543485820293,
        0.25956299901008606,
        0.011649040505290031,
        0.0025687329471111298,
        0.014199139550328255,
        0.008090748451650143,
        0.00335254636593163,
        0.005870559718459845
    ]
}