{
    "True label": [
        0.0,
        0.0,
        0.0,
        0.0,
        0.0,
        0.0,
        0.0,
        0.0,
        0.0,
        0.0,
        0.0,
        0.0,
        0.0,
        0.0,
        0.0,
        0.0,
        0.0,
        0.0,
        0.0,
        0.0,
        0.0,
        0.0,
        1.0,
        0.0,
        0.0,
        0.0,
        0.0,
        0.0,
        0.0,
        0.0,
        0.0,
        0.0,
        0.0,
        0.0,
        0.0,
        0.0,
        0.0,
        0.0,
        0.0,
        0.0,
        0.0,
        0.0,
        1.0,
        0.0,
        0.0,
        0.0,
        0.0,
        0.0,
        0.0,
        1.0,
        0.0,
        0.0,
        0.0,
        0.0,
        0.0,
        1.0,
        1.0,
        0.0,
        1.0,
        0.0,
        1.0,
        0.0,
        0.0,
        0.0,
        0.0,
        0.0,
        0.0,
        0.0,
        0.0,
        0.0,
        0.0,
        0.0,
        0.0,
        0.0,
        0.0,
        0.0,
        0.0,
        0.0,
        0.0,
        0.0,
        0.0,
        0.0,
        0.0,
        0.0,
        0.0,
        0.0,
        0.0,
        0.0,
        0.0,
        0.0,
        0.0,
        0.0,
        0.0,
        0.0,
        0.0,
        0.0,
        0.0,
        0.0,
        0.0,
        0.0,
        0.0,
        0.0,
        0.0,
        0.0
    ],
    "predict label": [
        0.343339204788208,
        0.004589208401739597,
        0.009811243042349815,
        0.0030694736633449793,
        0.03373889997601509,
        0.0025509719271212816,
        0.008316848427057266,
        0.0023504358250647783,
        0.001322929747402668,
        0.0015072203241288662,
        0.0006373160285875201,
        0.0070197186432778835,
        0.059149909764528275,
        0.013789372518658638,
        0.0021953387185931206,
        0.0017366507090628147,
        0.0028366337064653635,
        0.15174205601215363,
        0.1584160178899765,
        0.010767686180770397,
        0.0014165780739858747,
        0.12586206197738647,
        0.5688682198524475,
        0.0014031516620889306,
        0.0023098730016499758,
        0.003136794315651059,
        0.009161926805973053,
        0.024912994354963303,
        0.0003560127515811473,
        0.008603106252849102,
        0.0008842713432386518,
        0.0011223412584513426,
        0.0020971219055354595,
        0.009547420777380466,
        0.057028017938137054,
        0.017570452764630318,
        0.10506001859903336,
        0.002164585515856743,
        0.0013962481170892715,
        0.0641254410147667,
        0.02052891068160534,
        0.0010910226264968514,
        0.8098047375679016,
        0.0020785380620509386,
        0.0023642079904675484,
        0.001867820043116808,
        0.01408032514154911,
        0.014705409295856953,
        0.0063499994575977325,
        0.7711845636367798,
        0.001339198206551373,
        0.022999411448836327,
        0.000812562822829932,
        0.0012686719419434667,
        0.004620976280421019,
        0.8454299569129944,
        0.8153605461120605,
        0.0010374191915616393,
        0.006131335627287626,
        0.02677050046622753,
        0.667911171913147,
        0.01950441114604473,
        0.011631525121629238,
        0.0026323723141103983,
        0.0034352182410657406,
        0.04500524327158928,
        0.05460783839225769,
        0.020397022366523743,
        0.011946765705943108,
        0.0018866658210754395,
        0.002779476111754775,
        0.0018213922157883644,
        0.001574516179971397,
        0.05540163442492485,
        0.06062445044517517,
        0.028188588097691536,
        0.004571350757032633,
        0.12419124692678452,
        0.030122505500912666,
        0.04848398640751839,
        0.01255334634333849,
        0.04203147441148758,
        0.005424238741397858,
        0.0010692909127101302,
        0.0010539342183619738,
        0.07996135950088501,
        0.005828789435327053,
        0.04152030125260353,
        0.006057344377040863,
        0.022164233028888702,
        0.0025362400338053703,
        0.0006088556256145239,
        0.009666751138865948,
        0.0434456467628479,
        0.0012987247901037335,
        0.0013756681000813842,
        0.002722953911870718,
        0.0015767975710332394,
        0.002961106598377228,
        0.034259773790836334,
        0.022926950827240944,
        0.02499232441186905,
        0.005794615484774113,
        0.001732792821712792
    ]
}