{
    "True label": [
        0.0,
        0.0,
        0.0,
        0.0,
        0.0,
        0.0,
        0.0,
        0.0,
        0.0,
        0.0,
        0.0,
        0.0,
        0.0,
        0.0,
        0.0,
        0.0,
        0.0,
        0.0,
        1.0,
        0.0,
        1.0,
        0.0,
        0.0,
        0.0,
        0.0,
        0.0,
        0.0,
        0.0,
        0.0,
        0.0,
        0.0,
        1.0,
        0.0,
        0.0,
        0.0,
        0.0,
        0.0,
        0.0,
        0.0,
        0.0,
        0.0,
        0.0,
        1.0,
        0.0,
        0.0,
        0.0,
        1.0,
        0.0,
        0.0,
        0.0,
        0.0,
        0.0,
        1.0,
        1.0,
        0.0,
        0.0,
        1.0,
        0.0,
        0.0,
        0.0,
        0.0,
        0.0,
        0.0,
        0.0,
        0.0,
        0.0,
        0.0,
        0.0,
        0.0,
        0.0,
        1.0,
        0.0,
        0.0,
        0.0,
        0.0,
        0.0,
        0.0,
        0.0,
        0.0,
        1.0,
        0.0,
        0.0,
        0.0,
        0.0,
        0.0,
        0.0,
        1.0,
        0.0,
        0.0,
        0.0,
        0.0,
        0.0,
        0.0,
        0.0,
        0.0,
        1.0,
        1.0,
        0.0,
        0.0,
        0.0,
        0.0,
        0.0,
        0.0,
        0.0,
        0.0,
        0.0,
        0.0,
        0.0
    ],
    "predict label": [
        0.005882019177079201,
        0.0008714412688277662,
        0.0077549125999212265,
        0.10805771499872208,
        0.0014717669691890478,
        0.09410104900598526,
        0.0005957121611572802,
        0.05207701399922371,
        0.07379768043756485,
        0.008597097359597683,
        0.000647222448606044,
        0.31658825278282166,
        0.008537748828530312,
        0.0012122569605708122,
        0.0008806171244941652,
        0.0064153061248362064,
        0.6861739158630371,
        0.1568290889263153,
        0.8024736046791077,
        0.00133252062369138,
        0.8000089526176453,
        0.00141055672429502,
        0.003702718997374177,
        0.013311744667589664,
        0.09054595232009888,
        0.0006850949139334261,
        0.0002545618626754731,
        0.005986382253468037,
        0.0028255952056497335,
        0.19788110256195068,
        0.08458910882472992,
        0.7975850701332092,
        0.002782066585496068,
        0.47033852338790894,
        0.13186796009540558,
        0.009536982513964176,
        0.48736464977264404,
        0.20500248670578003,
        0.03528399020433426,
        0.0034275688230991364,
        0.0029272050596773624,
        0.0031567842233926058,
        0.37304508686065674,
        0.5854527950286865,
        0.0038152567576617002,
        0.003065819153562188,
        0.7388805150985718,
        0.06612919270992279,
        0.045008592307567596,
        0.0022277450188994408,
        0.01667782850563526,
        0.0029264395125210285,
        0.5328937768936157,
        0.4042682647705078,
        0.0022300684358924627,
        0.008070900104939938,
        0.5279508829116821,
        0.00346544967032969,
        0.0008701583719812334,
        0.0716317743062973,
        0.6665711998939514,
        0.003523070365190506,
        0.00788173545151949,
        0.06965013593435287,
        0.01804332062602043,
        0.5249758362770081,
        0.0016430901596322656,
        0.013617274351418018,
        0.0008245449280366302,
        0.0026188103947788477,
        0.7310824990272522,
        0.01334313303232193,
        0.0076376586221158504,
        0.05996527150273323,
        0.43686342239379883,
        0.0010593099286779761,
        0.0010921582579612732,
        0.03223462402820587,
        0.013480768539011478,
        0.37707412242889404,
        0.043739259243011475,
        0.0012232752051204443,
        0.00115821766667068,
        0.006470974534749985,
        0.00039613500121049583,
        0.0070553794503211975,
        0.6651941537857056,
        0.00011104436271125451,
        0.013236945495009422,
        0.4267180562019348,
        0.0008679705788381398,
        0.0021615319419652224,
        0.5495901107788086,
        0.25368279218673706,
        0.006220231764018536,
        0.558062732219696,
        0.239617720246315,
        0.05431028828024864,
        0.005130702164024115,
        0.5527820587158203,
        0.002443913370370865,
        0.3963150382041931,
        0.009110864251852036,
        0.7895110845565796,
        0.0013410826213657856,
        0.0009858518606051803,
        0.0011799965286627412,
        0.029720958322286606
    ]
}