{
    "True label": [
        0.0,
        0.0,
        0.0,
        0.0,
        0.0,
        0.0,
        0.0,
        0.0,
        0.0,
        0.0,
        0.0,
        1.0,
        0.0,
        0.0,
        0.0,
        0.0,
        0.0,
        0.0,
        0.0,
        0.0,
        0.0,
        0.0,
        0.0,
        0.0,
        0.0,
        0.0,
        0.0,
        0.0,
        0.0,
        0.0,
        0.0,
        0.0,
        0.0,
        0.0,
        0.0,
        0.0,
        0.0,
        0.0,
        0.0,
        0.0,
        0.0,
        1.0,
        0.0,
        0.0,
        0.0,
        0.0,
        0.0,
        0.0,
        0.0,
        0.0,
        0.0,
        0.0,
        0.0,
        0.0,
        0.0,
        0.0,
        0.0,
        0.0,
        0.0,
        0.0,
        0.0,
        0.0,
        0.0,
        0.0,
        0.0,
        0.0,
        0.0,
        0.0,
        0.0,
        0.0,
        0.0,
        0.0,
        0.0,
        0.0,
        0.0,
        0.0,
        0.0,
        0.0,
        0.0,
        0.0,
        0.0,
        0.0,
        0.0,
        0.0,
        0.0,
        0.0,
        0.0,
        0.0,
        0.0,
        0.0,
        0.0,
        0.0,
        0.0,
        0.0,
        0.0,
        0.0,
        0.0,
        0.0,
        0.0,
        0.0,
        0.0,
        0.0,
        0.0
    ],
    "predict label": [
        0.10456565022468567,
        0.0010756677947938442,
        0.0020514267962425947,
        0.001417964929714799,
        0.0005079286638647318,
        0.0019713935907930136,
        0.000350227695889771,
        0.0007683039293624461,
        0.001366897253319621,
        0.001537253032438457,
        0.0009370619663968682,
        0.005766946356743574,
        0.0005145275499671698,
        0.0026023113168776035,
        0.001666417345404625,
        0.010181779973208904,
        0.0021152303088456392,
        0.0009681792580522597,
        0.0005984887829981744,
        0.0021549873054027557,
        0.0011553064687177539,
        0.0007374084671027958,
        0.001227794447913766,
        0.0012974439887329936,
        0.031639520078897476,
        0.0010884108487516642,
        0.0006810458144173026,
        0.002894269535318017,
        0.001368519733659923,
        0.002001634333282709,
        0.032544270157814026,
        0.0034232388716191053,
        0.0008151605725288391,
        0.001156419049948454,
        0.0005269733956083655,
        0.001586339669302106,
        0.0010409668320789933,
        0.0019334161188453436,
        0.00035443311207927763,
        0.000723178090993315,
        0.0005663629272021353,
        0.0019457892049103975,
        0.0004327065253164619,
        0.0005654206615872681,
        0.0022795754484832287,
        0.00033712037838995457,
        0.0008423316176049411,
        0.0006116506410762668,
        0.0009491565288044512,
        0.0035530291497707367,
        0.02160757966339588,
        0.0005711702979169786,
        0.020161746069788933,
        0.00035311473766341805,
        0.0024179641623049974,
        0.002525881165638566,
        0.001014813664369285,
        0.37062782049179077,
        0.0002729294646997005,
        0.0005744537338614464,
        0.0003201602667104453,
        0.0016294075176119804,
        0.5127516388893127,
        0.0022238099481910467,
        0.0008008166332729161,
        0.0009128094534389675,
        0.0008519554976373911,
        0.0009385903831571341,
        0.0015234474558383226,
        0.0020826118998229504,
        0.0011498339008539915,
        0.0005690337275154889,
        0.001355044194497168,
        0.00027743596001528203,
        0.0007477414910681546,
        0.0027781175449490547,
        0.0023971025366336107,
        0.00040164851816371083,
        0.002211083425208926,
        0.003190344199538231,
        0.0008924314752221107,
        0.0005718801403418183,
        0.0005736663588322699,
        0.0008929486502893269,
        0.000599182560108602,
        0.0005403326358646154,
        0.0003162755456287414,
        0.0015931277303025126,
        0.026416001841425896,
        0.00400928407907486,
        0.0011279946193099022,
        0.0006223699310794473,
        0.031016146764159203,
        0.0018106806091964245,
        0.0056494735181331635,
        0.0015044916654005647,
        0.0005135196843184531,
        0.0012003822484984994,
        0.0014427113346755505,
        0.00029271209496073425,
        0.0018288340652361512,
        0.001114872982725501,
        0.0009452304220758379
    ]
}