{
    "True label": [
        0.0,
        0.0,
        0.0,
        0.0,
        0.0,
        0.0,
        0.0,
        0.0,
        0.0,
        0.0,
        0.0,
        0.0,
        0.0,
        0.0,
        0.0,
        1.0,
        0.0,
        1.0,
        0.0,
        1.0,
        1.0,
        0.0,
        0.0,
        1.0,
        0.0,
        0.0,
        0.0,
        1.0,
        0.0,
        0.0,
        0.0,
        0.0,
        0.0,
        0.0,
        0.0,
        1.0,
        0.0,
        1.0,
        0.0,
        0.0,
        0.0,
        0.0,
        0.0,
        0.0,
        1.0,
        0.0,
        0.0,
        1.0,
        0.0,
        0.0,
        0.0,
        0.0,
        0.0,
        0.0,
        1.0,
        0.0,
        1.0,
        1.0,
        0.0,
        0.0,
        1.0,
        0.0,
        0.0,
        0.0,
        0.0,
        0.0,
        0.0,
        1.0,
        0.0,
        0.0,
        0.0,
        0.0,
        0.0,
        0.0,
        0.0,
        0.0,
        0.0,
        0.0,
        0.0,
        0.0,
        0.0,
        0.0,
        0.0,
        0.0,
        0.0,
        0.0,
        0.0,
        0.0,
        1.0,
        0.0,
        0.0,
        0.0,
        0.0,
        0.0,
        0.0,
        0.0,
        0.0,
        0.0,
        0.0,
        0.0,
        0.0,
        0.0,
        0.0,
        0.0,
        0.0,
        0.0,
        0.0,
        0.0,
        0.0,
        0.0,
        0.0,
        0.0,
        0.0,
        0.0,
        0.0,
        0.0,
        0.0,
        0.0,
        0.0,
        0.0,
        0.0,
        0.0,
        0.0,
        0.0,
        0.0,
        0.0,
        0.0,
        0.0,
        0.0
    ],
    "predict label": [
        0.07511365413665771,
        0.34117183089256287,
        0.0009153202408924699,
        0.0023737302981317043,
        0.10149706155061722,
        0.0020942878909409046,
        0.01268888171762228,
        0.0008310169214382768,
        0.13745276629924774,
        0.003102737944573164,
        0.12245682626962662,
        0.401991605758667,
        0.00048281840281561017,
        0.015023107640445232,
        0.000763768155593425,
        0.80290687084198,
        0.005976436194032431,
        0.6916406750679016,
        0.0008438752265647054,
        0.4297383725643158,
        0.9348933100700378,
        0.10375678539276123,
        0.0015920965233817697,
        0.7005391716957092,
        0.010587772354483604,
        0.04931076988577843,
        0.000315658311592415,
        0.8225215673446655,
        0.00029595146770589054,
        0.0002329983253730461,
        0.02237282134592533,
        0.6835365295410156,
        0.0024792382027953863,
        0.00046237610513344407,
        0.006833537016063929,
        0.4862123429775238,
        0.04885003715753555,
        0.24105161428451538,
        0.00103322125505656,
        0.07335969060659409,
        0.02735212817788124,
        0.021376093849539757,
        0.003244399558752775,
        0.0016258213436231017,
        0.4812169075012207,
        0.004109866917133331,
        0.01930554024875164,
        0.9249669909477234,
        0.1812477707862854,
        0.01762515865266323,
        0.0074373651295900345,
        0.04747151583433151,
        0.00810661818832159,
        0.010453562252223492,
        0.005471427459269762,
        0.0007654931978322566,
        0.8024242520332336,
        0.19525246322155,
        0.0041415817104279995,
        0.0013019286561757326,
        0.08335946500301361,
        0.003888873616233468,
        0.008543938398361206,
        0.17745600640773773,
        0.6212109327316284,
        0.2721041738986969,
        0.004709284286946058,
        0.0011862505925819278,
        0.0029349839314818382,
        0.0006739245727658272,
        0.0012889998033642769,
        0.5097158551216125,
        0.00024191432748921216,
        0.4203207790851593,
        0.0008361050277017057,
        0.00021518913854379207,
        0.00046536786248907447,
        0.00427838321775198,
        0.0014746442902833223,
        0.007893540896475315,
        0.00035967814619652927,
        0.002836517756804824,
        0.001216517062857747,
        0.00310063106007874,
        0.31241726875305176,
        0.001344548538327217,
        0.10059899091720581,
        0.050291433930397034,
        0.0014621113659814,
        0.0006710865418426692,
        0.011700945906341076,
        0.0022958857007324696,
        0.03461577743291855,
        0.0045822192914783955,
        0.0001768860820448026,
        0.02025112695991993,
        0.0062009599059820175,
        0.03442033752799034,
        0.002167840488255024,
        0.01951262354850769,
        0.00016404538473580033,
        0.0003285435086581856,
        0.0027185522485524416,
        0.004220246337354183,
        0.00045324594248086214,
        0.2733703553676605,
        0.0002165775076719001,
        0.452210932970047,
        0.0005493396311067045,
        0.013708258047699928,
        0.0008739354670979083,
        0.0023158742114901543,
        0.00042113245581276715,
        0.0013786625349894166,
        0.002685155486688018,
        0.0036547917407006025,
        0.002402910264208913,
        0.010401244275271893,
        0.5895799994468689,
        0.0052729458548128605,
        0.01653289794921875,
        0.08691440522670746,
        0.0014303140342235565,
        0.0015396731905639172,
        0.005348329432308674,
        0.0012741059763357043,
        0.0003014227841049433,
        0.0024447503965348005,
        0.006153522524982691
    ]
}