{
    "True label": [
        0.0,
        0.0,
        0.0,
        0.0,
        0.0,
        0.0,
        1.0,
        0.0,
        0.0,
        0.0,
        0.0,
        0.0,
        0.0,
        0.0,
        0.0,
        0.0,
        0.0,
        0.0,
        0.0,
        0.0,
        1.0,
        0.0,
        0.0,
        0.0,
        0.0,
        0.0,
        0.0,
        0.0,
        0.0,
        0.0,
        0.0,
        0.0,
        0.0,
        1.0,
        0.0,
        0.0,
        0.0,
        0.0,
        0.0,
        0.0,
        0.0,
        1.0,
        0.0,
        0.0,
        0.0,
        0.0,
        0.0,
        0.0,
        0.0,
        0.0,
        1.0,
        0.0,
        0.0,
        0.0,
        1.0,
        0.0,
        1.0,
        1.0,
        0.0,
        1.0,
        0.0,
        0.0,
        1.0,
        0.0,
        0.0,
        0.0,
        0.0,
        0.0,
        0.0,
        0.0,
        0.0,
        0.0,
        0.0,
        0.0,
        0.0,
        0.0,
        0.0,
        0.0,
        0.0,
        0.0,
        0.0,
        0.0,
        0.0,
        0.0,
        0.0,
        0.0,
        0.0,
        0.0,
        0.0,
        0.0,
        0.0,
        0.0,
        0.0,
        0.0,
        0.0,
        0.0,
        0.0,
        0.0,
        0.0,
        0.0,
        0.0,
        0.0,
        0.0
    ],
    "predict label": [
        0.00046521174954250455,
        0.8428012132644653,
        0.00038962316466495395,
        0.0001903084194054827,
        2.322846557945013e-05,
        0.0003177800972480327,
        0.9142813086509705,
        8.686864021001384e-05,
        5.130454883328639e-05,
        1.9511981008690782e-05,
        3.334810025990009e-05,
        0.0001223096769535914,
        0.00015623973740730435,
        0.5623272657394409,
        0.0008084283326752484,
        1.3603023035102524e-05,
        3.518682569847442e-05,
        4.537726636044681e-05,
        0.0012793391942977905,
        8.838985195325222e-06,
        0.8601269125938416,
        1.1883619663421996e-05,
        0.0001496961631346494,
        4.23421552113723e-05,
        9.726538337417878e-06,
        0.15180730819702148,
        5.2098825108259916e-05,
        1.821199111873284e-05,
        3.684240800794214e-05,
        3.0411349143832922e-05,
        0.8676579594612122,
        0.004785684868693352,
        0.00027676651370711625,
        0.8790379166603088,
        2.5209667001035996e-05,
        1.1593469935178291e-05,
        0.00025482874480076134,
        9.049949585460126e-05,
        2.720158954616636e-05,
        2.7715865144273266e-05,
        8.103847358142957e-05,
        0.8615280985832214,
        0.267211377620697,
        0.0014373905723914504,
        1.583295852469746e-05,
        4.542766328086145e-05,
        0.0004088316054549068,
        0.08834969997406006,
        0.0021596557926386595,
        9.833357580646407e-06,
        0.721748948097229,
        0.00023602755391038954,
        0.000125438193208538,
        2.707934436330106e-05,
        0.0010451573180034757,
        0.00013249818584881723,
        0.8472670316696167,
        0.00026414263993501663,
        1.4144034139462747e-05,
        0.8987135291099548,
        1.813203198253177e-05,
        8.004716073628515e-05,
        0.9125257134437561,
        0.00016572876484133303,
        0.00012008722842438146,
        2.5449749955441803e-05,
        1.5023617379483767e-05,
        0.8968205451965332,
        3.366330929566175e-05,
        0.0007665433222427964,
        0.8260709047317505,
        1.3279639460961334e-05,
        0.11250190436840057,
        0.00022355274995788932,
        0.0006076700519770384,
        7.133542385417968e-05,
        1.158725717687048e-05,
        8.147782500600442e-05,
        9.681590199761558e-06,
        9.940931704477407e-06,
        0.00031852140091359615,
        0.00016847049118950963,
        0.0005876037175767124,
        0.00013128956197761,
        0.0018297205679118633,
        1.8398410247755237e-05,
        4.4542808609548956e-05,
        8.018421067390591e-05,
        1.0656220183591358e-05,
        0.00011749437544494867,
        0.001242628670297563,
        1.8644755982677452e-05,
        2.1236081011011265e-05,
        0.0006594659644179046,
        4.744741090689786e-05,
        5.340782990970183e-06,
        7.073991582728922e-05,
        5.071295890957117e-05,
        0.00010379302693763748,
        0.0006357626407407224,
        1.2073876860085875e-05,
        3.4235763450851664e-05,
        4.082105806446634e-05
    ]
}