{
    "True label": [
        1.0,
        0.0,
        1.0,
        0.0,
        0.0,
        0.0,
        0.0,
        0.0,
        0.0,
        0.0,
        0.0,
        0.0,
        0.0,
        0.0,
        0.0,
        0.0,
        0.0,
        1.0,
        0.0,
        0.0,
        0.0,
        0.0,
        0.0,
        0.0,
        0.0,
        0.0,
        0.0,
        0.0,
        0.0,
        0.0,
        0.0,
        0.0,
        0.0,
        0.0,
        0.0,
        0.0,
        0.0,
        0.0,
        0.0,
        0.0,
        0.0,
        0.0,
        0.0,
        0.0,
        0.0,
        0.0,
        0.0,
        1.0,
        0.0,
        0.0,
        1.0,
        0.0,
        0.0,
        0.0,
        0.0,
        0.0,
        0.0,
        0.0,
        0.0,
        0.0,
        0.0,
        1.0,
        0.0,
        0.0,
        1.0,
        0.0,
        0.0,
        0.0,
        0.0,
        0.0,
        0.0,
        0.0,
        0.0,
        1.0,
        0.0,
        0.0,
        1.0,
        0.0,
        0.0,
        0.0,
        0.0,
        0.0,
        1.0,
        0.0,
        0.0,
        0.0,
        0.0,
        0.0,
        0.0,
        0.0,
        0.0,
        0.0,
        0.0,
        0.0,
        0.0,
        0.0,
        1.0,
        0.0,
        0.0,
        0.0,
        0.0,
        0.0,
        0.0,
        0.0,
        0.0,
        0.0,
        0.0,
        0.0,
        1.0,
        0.0,
        0.0,
        1.0,
        0.0,
        0.0,
        0.0,
        0.0,
        1.0,
        0.0,
        0.0,
        0.0,
        0.0,
        0.0,
        1.0,
        0.0,
        0.0,
        0.0,
        0.0,
        0.0,
        0.0,
        0.0,
        1.0,
        0.0,
        0.0,
        0.0,
        0.0,
        0.0,
        0.0,
        0.0,
        0.0,
        0.0,
        0.0,
        0.0,
        0.0,
        0.0,
        0.0,
        0.0,
        0.0,
        1.0
    ],
    "predict label": [
        0.6466070413589478,
        2.428540028631687e-06,
        0.041553329676389694,
        3.797531689997413e-06,
        1.653367689868901e-06,
        9.003265404317062e-06,
        2.0053596472280333e-06,
        1.2789119864464737e-05,
        0.035949379205703735,
        1.0293438208464067e-05,
        5.946062083239667e-05,
        2.5621870008762926e-05,
        2.726821151100012e-07,
        4.096700081390736e-07,
        0.013165640644729137,
        2.3705148123553954e-05,
        3.319823372294195e-05,
        0.7957056760787964,
        0.00023884326219558716,
        2.3715660972811747e-06,
        8.359831440429843e-07,
        0.5094818472862244,
        0.007596560753881931,
        0.0003546088992152363,
        7.530435368607868e-07,
        1.0381048923591152e-05,
        1.6866821397343301e-06,
        6.733322948093701e-07,
        6.870781362522393e-05,
        0.00010793968249345198,
        0.0160969290882349,
        7.582119906146545e-06,
        0.0008824205142445862,
        0.00032476201886311173,
        0.00015635075396858156,
        3.624602186391712e-06,
        0.029485739767551422,
        4.958675162924919e-06,
        0.004159404896199703,
        8.454422868453548e-07,
        1.960896042874083e-05,
        2.6366751626483165e-06,
        1.255633605978801e-07,
        0.0006085197092033923,
        7.487422408303246e-06,
        1.5703681128798053e-05,
        0.00015654349408578128,
        0.7707341909408569,
        4.964614390701172e-07,
        0.0017371168360114098,
        0.8866132497787476,
        1.7867539270355337e-07,
        1.95487450582732e-06,
        2.370109768889961e-06,
        0.00015891462680883706,
        0.009697109460830688,
        0.23764897882938385,
        0.24444980919361115,
        8.437729775323533e-06,
        9.942485803549062e-07,
        5.469055395224132e-07,
        0.8943141102790833,
        3.6474361877480987e-06,
        4.94667915518221e-07,
        0.6996201872825623,
        0.02649102173745632,
        4.186859951005317e-05,
        0.11873915791511536,
        1.0700280199671397e-06,
        1.097765562008135e-05,
        0.09166081994771957,
        1.7422970586267184e-06,
        0.00898443441838026,
        0.894663393497467,
        2.0394085368025117e-05,
        5.764554316556314e-06,
        0.7614253163337708,
        0.0001160802785307169,
        6.562915223184973e-05,
        0.2897528111934662,
        0.6408675909042358,
        1.4353851838677656e-05,
        0.7613115310668945,
        0.8253555297851562,
        7.066919920362125e-07,
        3.0186747608240694e-06,
        0.02418573386967182,
        4.828100372833433e-07,
        0.002911289455369115,
        2.2059219190850854e-05,
        0.36418381333351135,
        3.351928398842574e-06,
        2.4893242880352773e-05,
        1.84961763238789e-07,
        1.6139591707542422e-06,
        3.732384357135743e-05,
        0.9184023141860962,
        5.9119622164871544e-05,
        0.607357919216156,
        3.299736636108719e-05,
        3.5755308545049047e-06,
        1.0632892553985585e-05,
        3.4918940627903794e-07,
        0.18485644459724426,
        0.16830062866210938,
        0.0008783038938418031,
        6.119749969002442e-07,
        0.12581604719161987,
        0.06860928237438202,
        3.956644377467455e-06,
        4.3403974814282265e-07,
        0.8702114820480347,
        4.29381452704547e-06,
        1.3283996850077529e-05,
        0.08435887098312378,
        4.300268756196601e-06,
        0.08318748325109482,
        0.0005467679584398866,
        7.889502739999443e-06,
        0.0267235916107893,
        0.00022877416631672531,
        0.09242674708366394,
        0.017724232748150826,
        2.7886819225386716e-05,
        4.238744804752059e-05,
        1.1450429155956954e-05,
        7.021802730378113e-07,
        0.7683941125869751,
        2.9081973480060697e-05,
        0.6598430871963501,
        0.8907396197319031,
        2.2052997792343376e-06,
        1.928743358803331e-06,
        6.952715011721011e-06,
        0.00023367951507680118,
        0.38958102464675903,
        0.5270576477050781,
        0.11927178502082825,
        0.0002174289256799966,
        1.0087449027196271e-06,
        0.04270525649189949,
        1.6632108099656762e-06,
        9.217666047334205e-06,
        6.0792401200160384e-05,
        0.0002621145686134696,
        0.0025532005820423365,
        0.0008020790410228074,
        0.0002162440650863573
    ]
}