{
    "True label": [
        0.0,
        1.0,
        0.0,
        0.0,
        0.0,
        0.0,
        0.0,
        0.0,
        0.0,
        0.0,
        0.0,
        0.0,
        0.0,
        0.0,
        0.0,
        0.0,
        1.0,
        0.0,
        1.0,
        0.0,
        0.0,
        0.0,
        0.0,
        0.0,
        1.0,
        1.0,
        1.0,
        0.0,
        0.0,
        0.0,
        0.0,
        0.0,
        0.0,
        1.0,
        0.0,
        0.0,
        0.0,
        0.0,
        0.0,
        0.0,
        0.0,
        0.0,
        0.0,
        0.0,
        0.0,
        0.0,
        0.0,
        0.0,
        0.0,
        0.0,
        0.0,
        0.0,
        0.0,
        0.0,
        0.0,
        0.0,
        0.0,
        0.0,
        0.0,
        0.0,
        0.0,
        0.0,
        0.0,
        1.0,
        0.0,
        0.0,
        0.0,
        0.0,
        0.0,
        0.0,
        0.0,
        0.0,
        0.0,
        0.0,
        0.0,
        0.0,
        0.0,
        0.0,
        0.0,
        0.0,
        0.0,
        0.0,
        0.0,
        0.0,
        0.0,
        0.0,
        0.0,
        0.0,
        0.0,
        0.0,
        0.0,
        0.0,
        0.0,
        0.0,
        0.0,
        0.0,
        0.0,
        0.0,
        0.0,
        0.0,
        0.0,
        0.0,
        0.0,
        0.0,
        0.0,
        1.0,
        0.0,
        0.0,
        0.0,
        0.0,
        0.0,
        0.0,
        0.0,
        0.0,
        0.0,
        0.0,
        0.0,
        0.0,
        0.0,
        0.0,
        0.0,
        0.0,
        0.0,
        0.0,
        1.0,
        0.0
    ],
    "predict label": [
        0.0004802908515557647,
        0.0040751006454229355,
        0.00015139665629249066,
        0.44869083166122437,
        0.10280591249465942,
        0.00040200422517955303,
        0.0003824473824352026,
        0.38982969522476196,
        0.001824243925511837,
        0.007905279286205769,
        0.0001079842695617117,
        0.11904700100421906,
        0.019422408193349838,
        0.007974192500114441,
        0.0001236520620295778,
        0.0055521647445857525,
        0.8768067955970764,
        0.5321062207221985,
        0.002881987951695919,
        0.008078920654952526,
        0.001355149201117456,
        0.008724318817257881,
        0.0008877283544279635,
        8.895529754227027e-05,
        0.024204986169934273,
        0.04624655097723007,
        0.5985016822814941,
        0.0003504297637846321,
        0.000332645489834249,
        0.0002414536866126582,
        0.025662479922175407,
        0.0002106698084389791,
        0.1544261872768402,
        0.8748638033866882,
        0.3503699004650116,
        0.07218731939792633,
        0.0014337894972413778,
        0.0007981528760865331,
        0.0019642277620732784,
        0.124747134745121,
        0.6061773300170898,
        0.05063469707965851,
        0.0012285290285944939,
        0.0004456545284483582,
        0.00024435296654701233,
        0.0018630666891112924,
        0.00615141773596406,
        0.0031824789475649595,
        0.01130590494722128,
        0.0020701843313872814,
        0.007275240495800972,
        0.000895671546459198,
        0.0702846571803093,
        0.1212705671787262,
        0.009657712653279305,
        0.008747347630560398,
        0.00017987837782129645,
        0.0007479417254216969,
        0.00048070214688777924,
        0.00015737186186015606,
        0.02434210665524006,
        0.5137215256690979,
        0.000514220620971173,
        0.7009868621826172,
        0.00655372254550457,
        0.00020997156389057636,
        0.011157410219311714,
        0.0264139361679554,
        0.00957038439810276,
        0.0025794142857193947,
        0.010313468053936958,
        0.037543296813964844,
        0.00513320742174983,
        0.07059354335069656,
        3.5177665267838165e-05,
        0.007100131828337908,
        0.002434011548757553,
        0.00018499275029171258,
        0.00019353287643752992,
        0.0007397628505714238,
        0.06201697140932083,
        0.0016267449827864766,
        0.0006352278287522495,
        0.10309310257434845,
        0.0005441790563054383,
        0.0048337457701563835,
        0.8326059579849243,
        0.007711266167461872,
        0.024216026067733765,
        0.13928689062595367,
        0.019535167142748833,
        0.0028071082197129726,
        0.00029906583949923515,
        8.025811257539317e-05,
        0.007392439991235733,
        0.8315392732620239,
        0.22984634339809418,
        0.017078280448913574,
        0.00016583989781793207,
        0.05319303646683693,
        0.00983853917568922,
        0.0003864082391373813,
        0.019132284447550774,
        0.16955876350402832,
        0.002240581437945366,
        0.8064490556716919,
        0.05859385058283806,
        0.01108134351670742,
        0.0364547036588192,
        0.0021621594205498695,
        0.22225435078144073,
        0.00041740451706573367,
        0.0006317842635326087,
        0.46056726574897766,
        0.024104280397295952,
        0.02651897631585598,
        0.001110471086576581,
        0.023421529680490494,
        0.07117438316345215,
        0.6941537857055664,
        0.0002036301593761891,
        0.0014075139770284295,
        5.57843413844239e-05,
        0.00025885598734021187,
        0.000992908258922398,
        0.003249167697504163
    ]
}