{
    "train_loss": [
        0.2774520368867012,
        0.23492723217873143,
        0.2287322214529573,
        0.21804803819230045,
        0.2136229176253027,
        0.20256338749332325,
        0.198889373310691,
        0.19287010252797196,
        0.19158412487221713,
        0.18761917439985357,
        0.1831838256262059,
        0.1801474917739937,
        0.17980919239206536,
        0.17747635315940052,
        0.17712537305090312,
        0.17352988199614444,
        0.17588941531574176,
        0.17309960640327757,
        0.16799500460431488,
        0.17037686336947266,
        0.16644734532440816,
        0.16706548429284185,
        0.1630786042498187,
        0.16760614766133994,
        0.1599538430784552,
        0.15733362878741108,
        0.15602691327278415,
        0.15135935552304758,
        0.1476432699235469,
        0.1469752584752935,
        0.14257909666713744,
        0.13940849050623058,
        0.13576454785488778,
        0.13643954463868627,
        0.13380329303963542,
        0.12439509456860307,
        0.12629479733736676,
        0.11759610550026872,
        0.11337522224007493,
        0.11070832649869848,
        0.1107166437938994,
        0.10129229745397145,
        0.11784629849265382,
        0.0992083888276472,
        0.09179538721458866,
        0.0903420164882743,
        0.09421420900914981,
        0.08063109104737345,
        0.09833924235174621,
        0.08422364678967063
    ],
    "val_loss": [
        0.2058534017580702,
        0.19559152989531042,
        0.19204840091199277,
        0.1903476423602664,
        0.18978563452373132,
        0.1895729753656852,
        0.1867676751620133,
        0.18628107171039263,
        0.18385226712576133,
        0.18362926671497148,
        0.1834608141612795,
        0.18362977008771264,
        0.1827901165403913,
        0.18240524948420095,
        0.1855631676656717,
        0.1835049951461864,
        0.18018462326223653,
        0.18217930236914923,
        0.1818189840136591,
        0.17795538450348974,
        0.17782222289616417,
        0.17456778223233418,
        0.1771066359252311,
        0.17302987106490553,
        0.17219160640878187,
        0.17235637177901242,
        0.1693370078194521,
        0.16939271600796205,
        0.16560188499349265,
        0.16584491378726218,
        0.1655627416457653,
        0.16529145112814334,
        0.16531859785621109,
        0.17035829087461904,
        0.16673951065539735,
        0.1723936819573245,
        0.17521449872945322,
        0.17381372957511015,
        0.18033997327320608,
        0.18218437770700913,
        0.18629176521059806,
        0.1918798216773904,
        0.18511564601445957,
        0.1920251577691789,
        0.21421303899228367,
        0.21563635536721432,
        0.20506339061620207,
        0.209067711722335,
        0.22045846892035514,
        0.2254364134577037
    ],
    "local_metrics": [
        [
            0.9183,
            NaN,
            0.0,
            0.8588,
            0.4633,
            0.4786
        ],
        [
            0.9183,
            NaN,
            0.0,
            0.8694,
            0.4857,
            0.4786
        ],
        [
            0.9215,
            NaN,
            0.0292,
            0.874,
            0.4984,
            0.5027
        ],
        [
            0.9263,
            NaN,
            0.081,
            0.8794,
            0.4978,
            0.5312
        ],
        [
            0.9294,
            NaN,
            0.1127,
            0.8818,
            0.4995,
            0.5505
        ],
        [
            0.9279,
            NaN,
            0.1254,
            0.8858,
            0.5172,
            0.557
        ],
        [
            0.9294,
            NaN,
            0.1817,
            0.8894,
            0.5306,
            0.5917
        ],
        [
            0.9247,
            NaN,
            0.1915,
            0.892,
            0.5325,
            0.59
        ],
        [
            0.9271,
            NaN,
            0.2436,
            0.894,
            0.5256,
            0.624
        ],
        [
            0.9286,
            NaN,
            0.2819,
            0.8963,
            0.5253,
            0.6469
        ],
        [
            0.931,
            NaN,
            0.369,
            0.8996,
            0.5308,
            0.6919
        ],
        [
            0.9286,
            NaN,
            0.3664,
            0.9014,
            0.5401,
            0.6863
        ],
        [
            0.9286,
            NaN,
            0.3664,
            0.9023,
            0.5454,
            0.6859
        ],
        [
            0.9286,
            NaN,
            0.3664,
            0.9032,
            0.5413,
            0.6854
        ],
        [
            0.9326,
            NaN,
            0.4049,
            0.9013,
            0.5477,
            0.7137
        ],
        [
            0.9318,
            NaN,
            0.395,
            0.9048,
            0.5491,
            0.7089
        ],
        [
            0.9294,
            NaN,
            0.4049,
            0.9083,
            0.5508,
            0.7082
        ],
        [
            0.931,
            NaN,
            0.4049,
            0.9039,
            0.5476,
            0.711
        ],
        [
            0.931,
            NaN,
            0.4142,
            0.906,
            0.5492,
            0.7135
        ],
        [
            0.9334,
            NaN,
            0.4344,
            0.9085,
            0.5523,
            0.7226
        ],
        [
            0.9334,
            NaN,
            0.4409,
            0.9091,
            0.5573,
            0.7265
        ],
        [
            0.935,
            NaN,
            0.4409,
            0.9091,
            0.5565,
            0.7293
        ],
        [
            0.9358,
            NaN,
            0.4409,
            0.9106,
            0.5605,
            0.7303
        ],
        [
            0.9358,
            NaN,
            0.4575,
            0.9128,
            0.5691,
            0.7333
        ],
        [
            0.9366,
            NaN,
            0.4547,
            0.9138,
            0.5679,
            0.7359
        ],
        [
            0.9373,
            NaN,
            0.4547,
            0.9132,
            0.5588,
            0.737
        ],
        [
            0.9405,
            NaN,
            0.4979,
            0.9163,
            0.5692,
            0.7522
        ],
        [
            0.9381,
            NaN,
            0.4914,
            0.9165,
            0.5652,
            0.747
        ],
        [
            0.9397,
            NaN,
            0.506,
            0.9189,
            0.6337,
            0.7515
        ],
        [
            0.9397,
            NaN,
            0.4914,
            0.9216,
            0.6427,
            0.7498
        ],
        [
            0.9405,
            NaN,
            0.5228,
            0.9239,
            0.653,
            0.7575
        ],
        [
            0.9413,
            0.6735,
            0.5976,
            0.9256,
            0.6567,
            0.7966
        ],
        [
            0.9366,
            0.6376,
            0.5903,
            0.9228,
            0.6566,
            0.7857
        ],
        [
            0.9366,
            0.6414,
            0.591,
            0.9231,
            0.6548,
            0.7852
        ],
        [
            0.9366,
            0.6377,
            0.6022,
            0.9275,
            0.6644,
            0.7868
        ],
        [
            0.939,
            0.6496,
            0.6142,
            0.9246,
            0.6632,
            0.7946
        ],
        [
            0.9389,
            0.644,
            0.5972,
            0.9206,
            0.6506,
            0.7875
